Scientific Field,Industry
biology (organismic & supraorganismic level),Public university
chemistry,Public university
biology (organismic & supraorganismic level),Public university
chemistry,Public university
biology (organismic & supraorganismic level),Public university
chemistry,Public university
biology (organismic & supraorganismic level),Public university
chemistry,Public university
biology (organismic & supraorganismic level),Public university
chemistry,Public university
biology (organismic & supraorganismic level),Public university
chemistry,Public university
biology (organismic & supraorganismic level),Public university
chemistry,Public university
engineering,Private university
clinical and experimental medicine,Private university
engineering,Private university
clinical and experimental medicine,Private university
chemistry,Public university
physics,Public university
chemistry,Public university
physics,Public university
chemistry,Public university
physics,Public university
chemistry,Public university
physics,Public university
chemistry,Public university
physics,Public university
chemistry,Public university
physics,Public university
chemistry,Public university
physics,Public university
chemistry,Public university
physics,Public university
chemistry,Public university
physics,Public university
chemistry,Public university
physics,Public university
chemistry,Public university
physics,Public university
chemistry,Public university
physics,Public university
chemistry,Public university
physics,Public university
chemistry,Public university
physics,Public university
chemistry,Public university
physics,Public university
chemistry,Public university
physics,Public university
chemistry,Public university
physics,Public university
chemistry,Public university
physics,Public university
chemistry,Public university
physics,Public university
chemistry,Public university
physics,Public university
chemistry,Public university
physics,Public university
chemistry,Public university
physics,Public university
chemistry,Public university
physics,Public university
chemistry,Public university
physics,Public university
chemistry,Public university
physics,Public university
chemistry,Public university
physics,Public university
chemistry,Public university
physics,Public university
chemistry,Public university
physics,Public university
chemistry,Public university
physics,Public university
chemistry,Public university
physics,Public university
chemistry,Public university
physics,Public university
chemistry,Public university
physics,Public university
chemistry,Public university
physics,Public university
chemistry,Public university
physics,Public university
chemistry,Public university
physics,Public university
chemistry,Public university
physics,Public university
chemistry,Public university
physics,Public university
chemistry,Public university
physics,Public university
chemistry,Public university
physics,Public university
chemistry,Public university
physics,Public university
chemistry,Public university
physics,Public university
chemistry,Public university
physics,Public university
engineering,Software industry
engineering,Software industry
engineering,Software industry
engineering,Software industry
engineering,Software industry
engineering,Software industry
engineering,Software industry
engineering,Software industry
engineering,Software industry
engineering,Software industry
engineering,Software industry
engineering,Software industry
engineering,Software industry
engineering,Software industry
engineering,Software industry
clinical and experimental medicine,Packaging and labeling
clinical and experimental medicine,Packaging and labeling
chemistry,Pharmaceuticals
chemistry,Pharmaceuticals
clinical and experimental medicine,Pharmaceuticals
clinical and experimental medicine,Pharmaceuticals
clinical and experimental medicine,Pharmaceuticals
clinical and experimental medicine,Pharmaceuticals
clinical and experimental medicine,Pharmaceuticals
clinical and experimental medicine,Pharmaceuticals
clinical and experimental medicine,Pharmaceuticals
clinical and experimental medicine,Automotive industry
chemistry,Automotive industry
clinical and experimental medicine,Automotive industry
clinical and experimental medicine,Automotive industry
physics,Automotive industry
physics,Automotive industry
physics,Automotive industry
chemistry,Management consulting
chemistry,Management consulting
chemistry,Management consulting
chemistry,Management consulting
chemistry,Management consulting
chemistry,Management consulting
chemistry,Management consulting
chemistry,Management consulting
chemistry,Management consulting
chemistry,Management consulting
chemistry,Management consulting
chemistry,Management consulting
chemistry,Management consulting
chemistry,Management consulting
chemistry,Management consulting
chemistry,Management consulting
chemistry,Management consulting
chemistry,Management consulting
chemistry,Management consulting
chemistry,Management consulting
chemistry,Management consulting
clinical and experimental medicine,Medical device
clinical and experimental medicine,Medical device
clinical and experimental medicine,Medical device
clinical and experimental medicine,Private university
engineering,Private university
clinical and experimental medicine,"Private, nonsectarian, research"
engineering,"Private, nonsectarian, research"
clinical and experimental medicine,"Private, nonsectarian, research"
engineering,"Private, nonsectarian, research"
clinical and experimental medicine,"Private, nonsectarian, research"
engineering,"Private, nonsectarian, research"
clinical and experimental medicine,Private university
engineering,Private university
clinical and experimental medicine,Private university
engineering,Private university
chemistry,Drink industry
chemistry,Drink industry
chemistry,Petrochemical
chemistry,Petrochemical
chemistry,Petrochemical
chemistry,Petrochemical
chemistry,Petrochemical
chemistry,Petrochemical
chemistry,Petrochemical
chemistry,Petrochemical
chemistry,Petrochemical
biology (organismic & supraorganismic level),Petrochemical
biology (organismic & supraorganismic level),Petrochemical
chemistry,Petrochemical
chemistry,Petrochemical
chemistry,Petrochemical
chemistry,Petrochemical
chemistry,Petrochemical
chemistry,Petrochemical
physics,Petrochemical
chemistry,Petrochemical
engineering,Petrochemical
chemistry,Petrochemical
biology (organismic & supraorganismic level),Petrochemical
chemistry,Petrochemical
chemistry,Petrochemical
biology (organismic & supraorganismic level),Petrochemical
chemistry,Petrochemical
chemistry,Petrochemical
biology (organismic & supraorganismic level),Petrochemical
chemistry,Petrochemical
chemistry,Petrochemical
engineering,Petrochemical
chemistry,Petrochemical
chemistry,Petrochemical
chemistry,Petrochemical
chemistry,Petrochemical
biology (organismic & supraorganismic level),Petrochemical
chemistry,Petrochemical
chemistry,Petrochemical
engineering,Petrochemical
chemistry,Petrochemical
chemistry,Petrochemical
chemistry,Petrochemical
chemistry,Petrochemical
biology (organismic & supraorganismic level),Petrochemical
chemistry,Petrochemical
chemistry,Petrochemical
chemistry,Petrochemical
physics,Petrochemical
chemistry,Petrochemical
chemistry,Petrochemical
chemistry,Petrochemical
chemistry,Petrochemical
chemistry,Petrochemical
chemistry,Petrochemical
chemistry,Petrochemical
biology (organismic & supraorganismic level),Petrochemical
chemistry,Petrochemical
physics,Petrochemical
chemistry,Petrochemical
chemistry,Petrochemical
chemistry,Petrochemical
chemistry,Petrochemical
chemistry,Petrochemical
chemistry,Petrochemical
biology (organismic & supraorganismic level),Petrochemical
physics,Petrochemical
chemistry,Petrochemical
chemistry,Petrochemical
biology (organismic & supraorganismic level),Petrochemical
chemistry,Petrochemical
chemistry,Petrochemical
chemistry,Petrochemical
chemistry,Petrochemical
chemistry,Petrochemical
chemistry,Petrochemical
engineering,Petrochemical
biology (organismic & supraorganismic level),Petrochemical
chemistry,Petrochemical
chemistry,Petrochemical
chemistry,Petrochemical
chemistry,Petrochemical
chemistry,Petrochemical
chemistry,Petrochemical
chemistry,Petrochemical
chemistry,Petrochemical
chemistry,Petrochemical
chemistry,Petrochemical
chemistry,Petrochemical
biology (organismic & supraorganismic level),Petrochemical
biology (organismic & supraorganismic level),Petrochemical
chemistry,Petrochemical
chemistry,Petrochemical
chemistry,Petrochemical
chemistry,Petrochemical
chemistry,Petrochemical
chemistry,Petrochemical
physics,Petrochemical
chemistry,Petrochemical
engineering,Petrochemical
chemistry,Petrochemical
biology (organismic & supraorganismic level),Petrochemical
chemistry,Petrochemical
chemistry,Petrochemical
biology (organismic & supraorganismic level),Petrochemical
chemistry,Petrochemical
chemistry,Petrochemical
biology (organismic & supraorganismic level),Petrochemical
chemistry,Petrochemical
chemistry,Petrochemical
engineering,Petrochemical
chemistry,Petrochemical
chemistry,Petrochemical
chemistry,Petrochemical
chemistry,Petrochemical
biology (organismic & supraorganismic level),Petrochemical
chemistry,Petrochemical
chemistry,Petrochemical
engineering,Petrochemical
chemistry,Petrochemical
chemistry,Petrochemical
chemistry,Petrochemical
chemistry,Petrochemical
biology (organismic & supraorganismic level),Petrochemical
chemistry,Petrochemical
chemistry,Petrochemical
chemistry,Petrochemical
physics,Petrochemical
chemistry,Petrochemical
chemistry,Petrochemical
chemistry,Petrochemical
chemistry,Petrochemical
chemistry,Petrochemical
chemistry,Petrochemical
chemistry,Petrochemical
biology (organismic & supraorganismic level),Petrochemical
chemistry,Petrochemical
physics,Petrochemical
chemistry,Petrochemical
chemistry,Petrochemical
chemistry,Petrochemical
chemistry,Petrochemical
chemistry,Petrochemical
chemistry,Petrochemical
biology (organismic & supraorganismic level),Petrochemical
physics,Petrochemical
chemistry,Petrochemical
chemistry,Petrochemical
biology (organismic & supraorganismic level),Petrochemical
chemistry,Petrochemical
chemistry,Petrochemical
chemistry,Petrochemical
chemistry,Petrochemical
chemistry,Petrochemical
chemistry,Petrochemical
engineering,Petrochemical
biology (organismic & supraorganismic level),Petrochemical
chemistry,Petrochemical
chemistry,Petrochemical
chemistry,Petrochemical
chemistry,Petrochemical
chemistry,Petrochemical
chemistry,Petrochemical
chemistry,Petrochemical
chemistry,Petrochemical
chemistry,Petrochemical
chemistry,Petrochemical
chemistry,Petrochemical
biology (organismic & supraorganismic level),Petrochemical
biology (organismic & supraorganismic level),Petrochemical
chemistry,Petrochemical
chemistry,Petrochemical
chemistry,Petrochemical
chemistry,Petrochemical
chemistry,Petrochemical
chemistry,Petrochemical
physics,Petrochemical
chemistry,Petrochemical
engineering,Petrochemical
chemistry,Petrochemical
biology (organismic & supraorganismic level),Petrochemical
chemistry,Petrochemical
chemistry,Petrochemical
biology (organismic & supraorganismic level),Petrochemical
chemistry,Petrochemical
chemistry,Petrochemical
biology (organismic & supraorganismic level),Petrochemical
chemistry,Petrochemical
chemistry,Petrochemical
engineering,Petrochemical
chemistry,Petrochemical
chemistry,Petrochemical
chemistry,Petrochemical
chemistry,Petrochemical
biology (organismic & supraorganismic level),Petrochemical
chemistry,Petrochemical
chemistry,Petrochemical
engineering,Petrochemical
chemistry,Petrochemical
chemistry,Petrochemical
chemistry,Petrochemical
chemistry,Petrochemical
biology (organismic & supraorganismic level),Petrochemical
chemistry,Petrochemical
chemistry,Petrochemical
chemistry,Petrochemical
physics,Petrochemical
chemistry,Petrochemical
chemistry,Petrochemical
chemistry,Petrochemical
chemistry,Petrochemical
chemistry,Petrochemical
chemistry,Petrochemical
chemistry,Petrochemical
biology (organismic & supraorganismic level),Petrochemical
chemistry,Petrochemical
physics,Petrochemical
chemistry,Petrochemical
chemistry,Petrochemical
chemistry,Petrochemical
chemistry,Petrochemical
chemistry,Petrochemical
chemistry,Petrochemical
biology (organismic & supraorganismic level),Petrochemical
physics,Petrochemical
chemistry,Petrochemical
chemistry,Petrochemical
biology (organismic & supraorganismic level),Petrochemical
chemistry,Petrochemical
chemistry,Petrochemical
chemistry,Petrochemical
chemistry,Petrochemical
chemistry,Petrochemical
chemistry,Petrochemical
engineering,Petrochemical
biology (organismic & supraorganismic level),Petrochemical
chemistry,Petrochemical
chemistry,Petrochemical
biology (organismic & supraorganismic level),Agricultural research
agriculture & environment,Agricultural research
chemistry,Agricultural research
clinical and experimental medicine,Agricultural research
agriculture & environment,Agricultural research
agriculture & environment,Agricultural research
chemistry,Agricultural research
engineering,Agricultural research
biology (organismic & supraorganismic level),Agricultural research
chemistry,Agricultural research
biology (organismic & supraorganismic level),Agricultural research
chemistry,Agricultural research
biology (organismic & supraorganismic level),Agricultural research
clinical and experimental medicine,Agricultural research
biology (organismic & supraorganismic level),Agricultural research
biology (organismic & supraorganismic level),Agricultural research
clinical and experimental medicine,Agricultural research
biology (organismic & supraorganismic level),Agricultural research
clinical and experimental medicine,Agricultural research
chemistry,Agricultural research
clinical and experimental medicine,Agricultural research
chemistry,Agricultural research
chemistry,Agricultural research
agriculture & environment,Agricultural research
biology (organismic & supraorganismic level),Agricultural research
agriculture & environment,Agricultural research
chemistry,Agricultural research
chemistry,Agricultural research
biology (organismic & supraorganismic level),Agricultural research
clinical and experimental medicine,Agricultural research
biology (organismic & supraorganismic level),Agricultural research
biology (organismic & supraorganismic level),Agricultural research
biology (organismic & supraorganismic level),Agricultural research
clinical and experimental medicine,Agricultural research
biology (organismic & supraorganismic level),Agricultural research
biology (organismic & supraorganismic level),Agricultural research
biology (organismic & supraorganismic level),Agricultural research
biology (organismic & supraorganismic level),Agricultural research
biology (organismic & supraorganismic level),Agricultural research
agriculture & environment,Agricultural research
chemistry,Agricultural research
clinical and experimental medicine,Agricultural research
biology (organismic & supraorganismic level),Agricultural research
engineering,Agricultural research
chemistry,Agricultural research
biology (organismic & supraorganismic level),Agricultural research
agriculture & environment,Agricultural research